{"occt_version":"7.9.3","edge":{"tolerance":0.00000010000000000,"same_parameter":true,"same_range":true,"curve3d":{"type":"Geom_Line","first":0.00000000000000000,"last":10.00000000000000000,"location":{"t":{"x":0.00000000000000000,"y":0.00000000000000000,"z":0.00000000000000000},"m":[[1.00000000000000000,0.00000000000000000,0.00000000000000000],[0.00000000000000000,1.00000000000000000,0.00000000000000000],[0.00000000000000000,0.00000000000000000,1.00000000000000000]]},"mid_point_world":{"x":5.00000000000000000,"y":0.00000000000000000,"z":0.00000000000000000}},"pcurve":{"type":"Geom2d_Line","first":0.00000000000000000,"last":10.00000000000000000,"mid_uv":{"u":0.00000000000000000,"v":-2.50000000000000000}}},"face":{"tolerance":0.00000010000000000,"surface_type":"Geom_Plane","surface_mid_from_pcurve":{"x":5.00000000000000000,"y":0.00000000000000000,"z":0.00000000000000000},"curve_surface_mid_distance":0.00000000000000000},"location_effect":{"move":{"t":{"x":100.00000000000000000,"y":0.00000000000000000,"z":0.00000000000000000},"m":[[1.00000000000000000,0.00000000000000000,0.00000000000000000],[0.00000000000000000,1.00000000000000000,0.00000000000000000],[0.00000000000000000,0.00000000000000000,1.00000000000000000]]},"surface_type":"Geom_Plane","surface_location":{"t":{"x":100.00000000000000000,"y":0.00000000000000000,"z":0.00000000000000000},"m":[[1.00000000000000000,0.00000000000000000,0.00000000000000000],[0.00000000000000000,1.00000000000000000,0.00000000000000000],[0.00000000000000000,0.00000000000000000,1.00000000000000000]]}},"triangulation":{"has_face_triangulation":true,"nb_nodes":4,"nb_triangles":2,"has_edge_polygon_on_triangulation":true,"edge_polygon_nb_nodes":2}}
