{
  "format": "occt-research-chfids-model-v1",
  "meta": {
    "case": "single_edge_radius_100",
    "kind": "fillet",
    "occt_version": "7.9.3",
    "occt_dev": ""
  },
  "stripes": [
    {
      "index": 1,
      "id": "s1-c1-e1",
      "contour_index": 1,
      "stripe_status": 3,
      "stripe_status_name": "ChFiDS_StartsolFailure",
      "choix": 2,
      "spine": {
        "edge_indices": [1],
        "endpoints": { "first": [0, 0, 0], "last": [0, 0, 10] },
        "endpoint_vertex_indices": { "first": 2, "last": 1, "is_closed": false },
        "edges": [{ "edge_index": 1, "v1_index": 2, "v2_index": 1, "v1": [0, 0, 0], "v2": [0, 0, 10] }],
        "polyline_points": [0, 0, 0, 0, 0, 0.21276595744680851, 0, 0, 0.42553191489361702, 0, 0, 0.63829787234042545, 0, 0, 0.85106382978723405, 0, 0, 1.0638297872340425, 0, 0, 1.2765957446808509, 0, 0, 1.4893617021276595, 0, 0, 1.7021276595744681, 0, 0, 1.9148936170212765, 0, 0, 2.1276595744680851, 0, 0, 2.3404255319148937, 0, 0, 2.5531914893617018, 0, 0, 2.7659574468085109, 0, 0, 2.978723404255319, 0, 0, 3.1914893617021276, 0, 0, 3.4042553191489362, 0, 0, 3.6170212765957448, 0, 0, 3.8297872340425529, 0, 0, 4.0425531914893611, 0, 0, 4.2553191489361701, 0, 0, 4.4680851063829783, 0, 0, 4.6808510638297873, 0, 0, 4.8936170212765955, 0, 0, 5.1063829787234036, 0, 0, 5.3191489361702127, 0, 0, 5.5319148936170217, 0, 0, 5.7446808510638299, 0, 0, 5.957446808510638, 0, 0, 6.1702127659574471, 0, 0, 6.3829787234042552, 0, 0, 6.5957446808510634, 0, 0, 6.8085106382978724, 0, 0, 7.0212765957446805, 0, 0, 7.2340425531914896, 0, 0, 7.4468085106382977, 0, 0, 7.6595744680851059, 0, 0, 7.8723404255319149, 0, 0, 8.0851063829787222, 0, 0, 8.2978723404255312, 0, 0, 8.5106382978723403, 0, 0, 8.7234042553191493, 0, 0, 8.9361702127659566, 0, 0, 9.1489361702127656, 0, 0, 9.3617021276595747, 0, 0, 9.5744680851063837, 0, 0, 9.787234042553191, 0, 0, 10],
        "breakpoints": [48]
      },
      "surfData": [

      ]
    }
  ],
  "corners": [
    { "vertex_index": 1, "p": [0, 0, 10], "degree": 1, "refs": [{ "stripe_index": 1, "stripe_id": "s1-c1-e1", "contour_index": 1, "end": "end", "edge_index": 1 }] },
    { "vertex_index": 2, "p": [0, 0, 0], "degree": 1, "refs": [{ "stripe_index": 1, "stripe_id": "s1-c1-e1", "contour_index": 1, "end": "start", "edge_index": 1 }] }
  ],
  "surfaces": [
  ]
,
  "faces": [
  ]
}
